Workbook

Sheet C1 W1
M1: TIME CARD
B3: 2318 N Evergreen St
B4: Phoenix, AZ 85006
B5: 310-569-1433
A7: Consultant Name | G7: Client Name | I7: Supervisor | K7: Week Ending | N7: Returning to work
A8: Greg Corron | G8: Parker Fasteners | I8: Alister Harris | K8: 46207 | N8: Assignment Completed
A10: Time Table: | G10: =G11 -> 46201 | H10: =H11 -> 46202 | I10: =I11 -> 46203 | J10: =J11 -> 46204 | K10: =K11 -> 46205 | L10: =L11 -> 46206 | M10: =M11 -> 46207 | N10: TOTAL HOURS
B11: Description of Work | C11: Dept | D11: client | E11: System | F11: Code | G11: =H11-1 -> 46201 | H11: =I11-1 -> 46202 | I11: =J11-1 -> 46203 | J11: =K11-1 -> 46204 | K11: =L11-1 -> 46205 | L11: =M11-1 -> 46206 | M11: =K8 -> 46207 | N11: Non-Billable | O11: Billable
O14: =SUM(G14:M14) -> 0
A16: TOTAL HOURS: | G16: =SUM(G14:G15) -> 0 | H16: =SUM(H14:H15) -> 0 | I16: =SUM(I14:I15) -> 0 | J16: =SUM(J14:J15) -> 0 | K16: =SUM(K14:K15) -> 0 | L16: =SUM(L14:L15) -> 0 | M16: =SUM(M14:M15) -> 0 | N16: =SUM(N14:N15) -> 0 | O16: =SUM(O14:O15) -> 0 | P16: =SUM(N16:O16) -> 0
A18: Consultant Signature: | K18: Date:
D19: Richard Bravo | L19: =NOW() -> 46305.42
A20: Client Signature: | K20: Date:
A22: Supervisor Approval: | K22: Date:
A24: Approval verifies that you are duly authorized on behalf of the above Customer and that you certify that the work was performed in a satisfactory manner.

Sheet C1 W2
M1: TIME CARD
B3: 2318 N Evergreen St
B4: Phoenix, AZ 85006
B5: 310-569-1433
A7: Consultant Name | G7: Client Name | I7: Supervisor | K7: Week Ending | N7: Returning to work
A8: Greg Corron | G8: Parker Fasteners | I8: Alister Harris | K8: ='C1 W1'!K8+7 -> 46214 | N8: Assignment Completed
A10: Time Table: | G10: =G11 -> 46208 | H10: =H11 -> 46209 | I10: =I11 -> 46210 | J10: =J11 -> 46211 | K10: =K11 -> 46212 | L10: =L11 -> 46213 | M10: =M11 -> 46214 | N10: TOTAL HOURS
B11: Description of Work | C11: Dept | D11: client | E11: System | F11: Code | G11: =H11-1 -> 46208 | H11: =I11-1 -> 46209 | I11: =J11-1 -> 46210 | J11: =K11-1 -> 46211 | K11: =L11-1 -> 46212 | L11: =M11-1 -> 46213 | M11: =K8 -> 46214 | N11: Non-Billable | O11: Billable
O14: =SUM(G14:M14) -> 0
A16: TOTAL HOURS: | G16: =SUM(G14:G15) -> 0 | H16: =SUM(H14:H15) -> 0 | I16: =SUM(I14:I15) -> 0 | J16: =SUM(J14:J15) -> 0 | K16: =SUM(K14:K15) -> 0 | L16: =SUM(L14:L15) -> 0 | M16: =SUM(M14:M15) -> 0 | N16: =SUM(N14:N15) -> 0 | O16: =SUM(O14:O15) -> 0 | P16: =SUM(N16:O16) -> 0
A18: Consultant Signature: | K18: Date:
D19: Richard Bravo | L19: =NOW() -> 46305.42
A20: Client Signature: | K20: Date:
A22: Supervisor Approval: | K22: Date:
A24: Approval verifies that you are duly authorized on behalf of the above Customer and that you certify that the work was performed in a satisfactory manner.

Sheet C1 W3
M1: TIME CARD
B3: 2318 N Evergreen St
B4: Phoenix, AZ 85006
B5: 310-569-1433
A7: Consultant Name | G7: Client Name | I7: Supervisor | K7: Week Ending | N7: Returning to work
A8: Greg Corron | G8: Parker Fasteners | I8: Alister Harris | K8: ='C1 W1'!K8+7 -> 46214 | N8: Assignment Completed
A10: Time Table: | G10: =G11 -> 46208 | H10: =H11 -> 46209 | I10: =I11 -> 46210 | J10: =J11 -> 46211 | K10: =K11 -> 46212 | L10: =L11 -> 46213 | M10: =M11 -> 46214 | N10: TOTAL HOURS
B11: Description of Work | C11: Dept | D11: client | E11: System | F11: Code | G11: =H11-1 -> 46208 | H11: =I11-1 -> 46209 | I11: =J11-1 -> 46210 | J11: =K11-1 -> 46211 | K11: =L11-1 -> 46212 | L11: =M11-1 -> 46213 | M11: =K8 -> 46214 | N11: Non-Billable | O11: Billable
O14: =SUM(G14:M14) -> 0
A16: TOTAL HOURS: | G16: =SUM(G14:G15) -> 0 | H16: =SUM(H14:H15) -> 0 | I16: =SUM(I14:I15) -> 0 | J16: =SUM(J14:J15) -> 0 | K16: =SUM(K14:K15) -> 0 | L16: =SUM(L14:L15) -> 0 | M16: =SUM(M14:M15) -> 0 | N16: =SUM(N14:N15) -> 0 | O16: =SUM(O14:O15) -> 0 | P16: =SUM(N16:O16) -> 0
A18: Consultant Signature: | K18: Date:
D19: Richard Bravo | L19: =NOW() -> 46305.42
A20: Client Signature: | K20: Date:
A22: Supervisor Approval: | K22: Date:
A24: Approval verifies that you are duly authorized on behalf of the above Customer and that you certify that the work was performed in a satisfactory manner.

Sheet C1 W4
M1: TIME CARD
B3: 2318 N Evergreen St
B4: Phoenix, AZ 85006
B5: 310-569-1433
A7: Consultant Name | G7: Client Name | I7: Supervisor | K7: Week Ending | N7: Returning to work
A8: Greg Corron | G8: Parker Fasteners | I8: Alister Harris | K8: ='C1 W1'!K8+7 -> 46214 | N8: Assignment Completed
A10: Time Table: | G10: =G11 -> 46208 | H10: =H11 -> 46209 | I10: =I11 -> 46210 | J10: =J11 -> 46211 | K10: =K11 -> 46212 | L10: =L11 -> 46213 | M10: =M11 -> 46214 | N10: TOTAL HOURS
B11: Description of Work | C11: Dept | D11: client | E11: System | F11: Code | G11: =H11-1 -> 46208 | H11: =I11-1 -> 46209 | I11: =J11-1 -> 46210 | J11: =K11-1 -> 46211 | K11: =L11-1 -> 46212 | L11: =M11-1 -> 46213 | M11: =K8 -> 46214 | N11: Non-Billable | O11: Billable
O14: =SUM(G14:M14) -> 0
A16: TOTAL HOURS: | G16: =SUM(G14:G15) -> 0 | H16: =SUM(H14:H15) -> 0 | I16: =SUM(I14:I15) -> 0 | J16: =SUM(J14:J15) -> 0 | K16: =SUM(K14:K15) -> 0 | L16: =SUM(L14:L15) -> 0 | M16: =SUM(M14:M15) -> 0 | N16: =SUM(N14:N15) -> 0 | O16: =SUM(O14:O15) -> 0 | P16: =SUM(N16:O16) -> 0
A18: Consultant Signature: | K18: Date:
D19: Richard Bravo | L19: =NOW() -> 46305.42
A20: Client Signature: | K20: Date:
A22: Supervisor Approval: | K22: Date:
A24: Approval verifies that you are duly authorized on behalf of the above Customer and that you certify that the work was performed in a satisfactory manner.

Sheet C1 W5
M1: TIME CARD
B3: 2318 N Evergreen St
B4: Phoenix, AZ 85006
B5: 310-569-1433
A7: Consultant Name | G7: Client Name | I7: Supervisor | K7: Week Ending | N7: Returning to work
A8: Greg Corron | G8: Parker Fasteners | I8: Alister Harris | K8: ='C1 W1'!K8+7 -> 46214 | N8: Assignment Completed
A10: Time Table: | G10: =G11 -> 46208 | H10: =H11 -> 46209 | I10: =I11 -> 46210 | J10: =J11 -> 46211 | K10: =K11 -> 46212 | L10: =L11 -> 46213 | M10: =M11 -> 46214 | N10: TOTAL HOURS
B11: Description of Work | C11: Dept | D11: client | E11: System | F11: Code | G11: =H11-1 -> 46208 | H11: =I11-1 -> 46209 | I11: =J11-1 -> 46210 | J11: =K11-1 -> 46211 | K11: =L11-1 -> 46212 | L11: =M11-1 -> 46213 | M11: =K8 -> 46214 | N11: Non-Billable | O11: Billable
O14: =SUM(G14:M14) -> 0
A16: TOTAL HOURS: | G16: =SUM(G14:G15) -> 0 | H16: =SUM(H14:H15) -> 0 | I16: =SUM(I14:I15) -> 0 | J16: =SUM(J14:J15) -> 0 | K16: =SUM(K14:K15) -> 0 | L16: =SUM(L14:L15) -> 0 | M16: =SUM(M14:M15) -> 0 | N16: =SUM(N14:N15) -> 0 | O16: =SUM(O14:O15) -> 0 | P16: =SUM(N16:O16) -> 0
A18: Consultant Signature: | K18: Date:
D19: Richard Bravo | L19: =NOW() -> 46305.42
A20: Client Signature: | K20: Date:
A22: Supervisor Approval: | K22: Date:
A24: Approval verifies that you are duly authorized on behalf of the above Customer and that you certify that the work was performed in a satisfactory manner.

Sheet C1 W6
M1: TIME CARD
B3: 2318 N Evergreen St
B4: Phoenix, AZ 85006
B5: 310-569-1433
A7: Consultant Name | G7: Client Name | I7: Supervisor | K7: Week Ending | N7: Returning to work
A8: Greg Corron | G8: Parker Fasteners | I8: Alister Harris | K8: ='C1 W1'!K8+7 -> 46214 | N8: Assignment Completed
A10: Time Table: | G10: =G11 -> 46208 | H10: =H11 -> 46209 | I10: =I11 -> 46210 | J10: =J11 -> 46211 | K10: =K11 -> 46212 | L10: =L11 -> 46213 | M10: =M11 -> 46214 | N10: TOTAL HOURS
B11: Description of Work | C11: Dept | D11: client | E11: System | F11: Code | G11: =H11-1 -> 46208 | H11: =I11-1 -> 46209 | I11: =J11-1 -> 46210 | J11: =K11-1 -> 46211 | K11: =L11-1 -> 46212 | L11: =M11-1 -> 46213 | M11: =K8 -> 46214 | N11: Non-Billable | O11: Billable
O14: =SUM(G14:M14) -> 0
A16: TOTAL HOURS: | G16: =SUM(G14:G15) -> 0 | H16: =SUM(H14:H15) -> 0 | I16: =SUM(I14:I15) -> 0 | J16: =SUM(J14:J15) -> 0 | K16: =SUM(K14:K15) -> 0 | L16: =SUM(L14:L15) -> 0 | M16: =SUM(M14:M15) -> 0 | N16: =SUM(N14:N15) -> 0 | O16: =SUM(O14:O15) -> 0 | P16: =SUM(N16:O16) -> 0
A18: Consultant Signature: | K18: Date:
D19: Richard Bravo | L19: =NOW() -> 46305.42
A20: Client Signature: | K20: Date:
A22: Supervisor Approval: | K22: Date:
A24: Approval verifies that you are duly authorized on behalf of the above Customer and that you certify that the work was performed in a satisfactory manner.

Sheet C1 W7
M1: TIME CARD
B3: 2318 N Evergreen St
B4: Phoenix, AZ 85006
B5: 310-569-1433
A7: Consultant Name | G7: Client Name | I7: Supervisor | K7: Week Ending | N7: Returning to work
A8: Greg Corron | G8: Parker Fasteners | I8: Alister Harris | K8: ='C1 W1'!K8+7 -> 46214 | N8: Assignment Completed
A10: Time Table: | G10: =G11 -> 46208 | H10: =H11 -> 46209 | I10: =I11 -> 46210 | J10: =J11 -> 46211 | K10: =K11 -> 46212 | L10: =L11 -> 46213 | M10: =M11 -> 46214 | N10: TOTAL HOURS
B11: Description of Work | C11: Dept | D11: client | E11: System | F11: Code | G11: =H11-1 -> 46208 | H11: =I11-1 -> 46209 | I11: =J11-1 -> 46210 | J11: =K11-1 -> 46211 | K11: =L11-1 -> 46212 | L11: =M11-1 -> 46213 | M11: =K8 -> 46214 | N11: Non-Billable | O11: Billable
O14: =SUM(G14:M14) -> 0
A16: TOTAL HOURS: | G16: =SUM(G14:G15) -> 0 | H16: =SUM(H14:H15) -> 0 | I16: =SUM(I14:I15) -> 0 | J16: =SUM(J14:J15) -> 0 | K16: =SUM(K14:K15) -> 0 | L16: =SUM(L14:L15) -> 0 | M16: =SUM(M14:M15) -> 0 | N16: =SUM(N14:N15) -> 0 | O16: =SUM(O14:O15) -> 0 | P16: =SUM(N16:O16) -> 0
A18: Consultant Signature: | K18: Date:
D19: Richard Bravo | L19: =NOW() -> 46305.42
A20: Client Signature: | K20: Date:
A22: Supervisor Approval: | K22: Date:
A24: Approval verifies that you are duly authorized on behalf of the above Customer and that you certify that the work was performed in a satisfactory manner.

Sheet C1 W8
M1: TIME CARD
B3: 2318 N Evergreen St
B4: Phoenix, AZ 85006
B5: 310-569-1433
A7: Consultant Name | G7: Client Name | I7: Supervisor | K7: Week Ending | N7: Returning to work
A8: Greg Corron | G8: Parker Fasteners | I8: Alister Harris | K8: ='C1 W1'!K8+7 -> 46214 | N8: Assignment Completed
A10: Time Table: | G10: =G11 -> 46208 | H10: =H11 -> 46209 | I10: =I11 -> 46210 | J10: =J11 -> 46211 | K10: =K11 -> 46212 | L10: =L11 -> 46213 | M10: =M11 -> 46214 | N10: TOTAL HOURS
B11: Description of Work | C11: Dept | D11: client | E11: System | F11: Code | G11: =H11-1 -> 46208 | H11: =I11-1 -> 46209 | I11: =J11-1 -> 46210 | J11: =K11-1 -> 46211 | K11: =L11-1 -> 46212 | L11: =M11-1 -> 46213 | M11: =K8 -> 46214 | N11: Non-Billable | O11: Billable
O14: =SUM(G14:M14) -> 0
A16: TOTAL HOURS: | G16: =SUM(G14:G15) -> 0 | H16: =SUM(H14:H15) -> 0 | I16: =SUM(I14:I15) -> 0 | J16: =SUM(J14:J15) -> 0 | K16: =SUM(K14:K15) -> 0 | L16: =SUM(L14:L15) -> 0 | M16: =SUM(M14:M15) -> 0 | N16: =SUM(N14:N15) -> 0 | O16: =SUM(O14:O15) -> 0 | P16: =SUM(N16:O16) -> 0
A18: Consultant Signature: | K18: Date:
D19: Richard Bravo | L19: =NOW() -> 46305.42
A20: Client Signature: | K20: Date:
A22: Supervisor Approval: | K22: Date:
A24: Approval verifies that you are duly authorized on behalf of the above Customer and that you certify that the work was performed in a satisfactory manner.
